raw_location,location_id,location_name
LAKESHORE BY THE BLUE PINE LODGE,1,BLUE PINE LODGE
BLUE PINE LODGE,1,BLUE PINE LODGE
BLUE PINE LODGE KITCHEN,1,BLUE PINE LODGE
BLUE PINE LODGE LIVING ROOM,1,BLUE PINE LODGE
MARTELL BEDROOM,1,BLUE PINE LODGE
BLUE PINE LODGE CORRIDOR/JOSIE'S ROOM,1,BLUE PINE LODGE
BLUE PINE LODGE CORRIDOR,1,BLUE PINE LODGE
BLUE PINE LODGE OFFICE,1,BLUE PINE LODGE
BLUE PINE LODGE CORRIDOR/OFFICE,1,BLUE PINE LODGE
BLUE PINE KITCHEN,1,BLUE PINE LODGE
BLUE. LODGE,1,BLUE PINE LODGE
THE BLUE PINE LODGE,1,BLUE PINE LODGE
BLUE PINE LODGE LIBRARY,1,BLUE PINE LODGE
INT. BLUE PINE KITCHEN,1,BLUE PINE LODGE
"BLUE PINE LODGE, KITCHEN AREA",1,BLUE PINE LODGE
BLUE PINE LIVING ROOM,1,BLUE PINE LODGE
BLUE PINE LODGE STUDY,1,BLUE PINE LODGE
BRIGGS HOUSE,2,BRIGGS HOUSE
BOBBY BRIGGS HOUSE,2,BRIGGS HOUSE
BRIGGS DINING ROOM,2,BRIGGS HOUSE
DOUBLE R DINER,3,DOUBLE R
"THE DOUBLE ""R"" DINER",3,DOUBLE R
DINER,3,DOUBLE R
DINER KITCHEN,3,DOUBLE R
THE DOUBLE R DINER,3,DOUBLE R
DINER BOOTH,3,DOUBLE R
DOUBLE R,3,DOUBLE R
DOUBLER DINER,3,DOUBLE R
EXT. DOUBLE R DINER,3,DOUBLE R
INT. DOUBLE R DINER,3,DOUBLE R
GREAT NORTHERN HOTEL,5,GREAT NORTHERN
GREAT NORTHERN,5,GREAT NORTHERN
GREAT NORTHERN HOTEL ROOM,5,GREAT NORTHERN
GREAT NORTHERN HOTEL DINING ROOM,5,GREAT NORTHERN
GREAT NORTHERN HOTEL OFFICE,5,GREAT NORTHERN
GREAT NORTHERN HOTEL AND WATERFALL,5,GREAT NORTHERN
GREAT NORTHERN HOTEL PRIVATE QUARTERS,5,GREAT NORTHERN
GREAT NORTHERN HOTEL CORRIDOR,5,GREAT NORTHERN
GREAT NORTHERN CORRIDOR,5,GREAT NORTHERN
AUDREY HORNE'S ROOM,5,GREAT NORTHERN
GREAT NORTHERN HOTEL,5,GREAT NORTHERN
HORNE RESIDENCE WING,5,GREAT NORTHERN
HORNE CRUISER,5,GREAT NORTHERN
DALE COOPER'S ROOM,5,GREAT NORTHERN
GREAT NORTHERN HOTEL BAR,5,GREAT NORTHERN
DALE COOPER'S HOTEL ROOM,5,GREAT NORTHERN
COOPER'S HOTEL ROOM,5,GREAT NORTHERN
GREAT NORTHERN DINING ROOM,5,GREAT NORTHERN
BEN HORNE'S OFFICE,5,GREAT NORTHERN
GREAT NORTHERN BAR,5,GREAT NORTHERN
BANQUET ROOM ENTRANCE,5,GREAT NORTHERN
HOTEL CORRIDOR,5,GREAT NORTHERN
HOTEL WIRING CORRIDOR,5,GREAT NORTHERN
COOPER'S ROOM,5,GREAT NORTHERN
TIMBER ROOM,5,GREAT NORTHERN
GREAT NORTHERN HOTEL LOBBY,5,GREAT NORTHERN
INT. COOPER'S HOTEL ROOM,5,GREAT NORTHERN
GREAT NORTHERN LOBBY,5,GREAT NORTHERN
BEN HORN'S OFFICE - GREAT NORTHERN',5,GREAT NORTHERN
HOTEL LOBBY,5,GREAT NORTHERN
HALLWAY,5,GREAT NORTHERN
HALLWAY GREAT NORTHERN,5,GREAT NORTHERN
INT. GREAT NORTHERN HOTEL ROOM,5,GREAT NORTHERN
INT. GREAT NORTHERN HALLWAY,5,GREAT NORTHERN
INT. CONFERENCE ROOM,5,GREAT NORTHERN
GREAT NORTHERN COOPER'S ROOM,5,GREAT NORTHERN
GREAT NORTHERN HALL/LOBBY,5,GREAT NORTHERN
GREAT NORTHERN BAR WEDDING RECEPTION,5,GREAT NORTHERN
"BEN HORNE'S OFFICE, GREAT NORTHERN",5,GREAT NORTHERN
CORRIDOR OUTSIDE BEN'S OFFICE,5,GREAT NORTHERN
"HOTEL ROOM, GREAT NORTHERN",5,GREAT NORTHERN
HALLWAY OUTSIDE THE ROOM,5,GREAT NORTHERN
BEN'S OFFICE GREAT NORTHERN,5,GREAT NORTHERN
"GREAT NORTHERN HOTEL, THOMAS ECKHARDT'S ROOM",5,GREAT NORTHERN
GREAT NORTHERN ROOM,5,GREAT NORTHERN
GREAT NORTHERN ELEVATOR,5,GREAT NORTHERN
GREAT NORTHERN LOBBY/CORRIDOR,5,GREAT NORTHERN
THE GREAT NORTHERN HOTEL,5,GREAT NORTHERN
GREAT NORTHERN BAR AREA,5,GREAT NORTHERN
INT. GREAT NORTHERN HOTEL LOBBY,5,GREAT NORTHERN
GREAT NORTHERN/COOPER'S ROOM,5,GREAT NORTHERN
COOPER'S BATHROOM,5,GREAT NORTHERN
HAROLD SMITH'S APARTMENT,6,HAROLD SMITH HOUSE
SMITH'S APARTMENT,6,HAROLD SMITH HOUSE
HAROLD SMITH'S LIVING ROOM,6,HAROLD SMITH HOUSE
HAROLD SMITH'S GREENHOUSE,6,HAROLD SMITH HOUSE
HAROLD SMITH'S HOUSE,6,HAROLD SMITH HOUSE
GREENHOUSE,6,HAROLD SMITH HOUSE
ONE-EYED JACK'S,7,ONE-EYED JACK'S
"ONE-EYED JACK'S ""LET'S GET ACQUAINTED"" ROOM",7,ONE-EYED JACK'S
ONE-EYED JACKS,7,ONE-EYED JACK'S
ONE-EYES JACKS,7,ONE-EYED JACK'S
ONE-EYED JACK'S BEDROOM,7,ONE-EYED JACK'S
BLACKIE'S OFFICE,7,ONE-EYED JACK'S
"BLACKIE'S OFFICE,",7,ONE-EYED JACK'S
ONE-EYED JACK'S CORRIDOR,7,ONE-EYED JACK'S
ONE-EYED JACKS ROOM,7,ONE-EYED JACK'S
ROOM AT ONE-EYED JACKS,7,ONE-EYED JACK'S
ONE-EYED JACKS BEDROOM,7,ONE-EYED JACK'S
ONE-EYED JACK'S OFFICE,7,ONE-EYED JACK'S
ONE-EYED JACK'S HALLWAY,7,ONE-EYED JACK'S
ONE-EYED JACK'S - BLACKIE'S OFFICE,7,ONE-EYED JACK'S
PALMER HOUSE,8,PALMER HOUSE
PALMER HOUSE BEDROOM,8,PALMER HOUSE
PALMER HOUSE UPSTAIRS HALLWAY,8,PALMER HOUSE
PALMER HOUSE LIVING ROOM,8,PALMER HOUSE
PALMER HOUSE CORRIDOR,8,PALMER HOUSE
PALMER LIVING ROOM,8,PALMER HOUSE
PALMER BEDROOM,8,PALMER HOUSE
LELAND PALMER'S BEDROOM,8,PALMER HOUSE
PALMER'S LIVING ROOM,8,PALMER HOUSE
PALMER'S HOUSE,8,PALMER HOUSE
SHERIFF TRUMAN'S HOUSE,9,SHERIFF STATION
SHERIFF'S CRUISER,9,SHERIFF STATION
SHERIFF'S STATION ENTRANCE,9,SHERIFF STATION
SHERIFFS STATION RECEPTION AREA,9,SHERIFF STATION
INTERROGATION ROOM A,9,SHERIFF STATION
SHERIFF'S STATION INTERROGATION,9,SHERIFF STATION
HOLDING CELL,9,SHERIFF STATION
SHERIFF'S DEPARTMENT RECEPTION AREA,9,SHERIFF STATION
SHERIFF'S STATION WAITING AREA,9,SHERIFF STATION
INTERROGATION ROOM B,9,SHERIFF STATION
TWIN PEAKS SHERIFF STATION,9,SHERIFF STATION
REAR OF SHERIFF STATION,9,SHERIFF STATION
SHERIFFS STATION,9,SHERIFF STATION
SHERIFF STATION CORRIDOR,9,SHERIFF STATION
TWIN PEAKS POLICE STATION,9,SHERIFF STATION
POLICE STATION RECEPTION AREA,9,SHERIFF STATION
SHERIFF'S RECEPTION AREA,9,SHERIFF STATION
SHERIFF'S STATION RECEPTION AREA,9,SHERIFF STATION
INTERROGATION A,9,SHERIFF STATION
SHERIFF'S OFFICE,9,SHERIFF STATION
PRISON CORRIDOR,9,SHERIFF STATION
SHERIFF'S STATION,9,SHERIFF STATION
SHERIFF'S STATION RECEPTION,9,SHERIFF STATION
INTERROGATION ROOM,9,SHERIFF STATION
SHERIFF'S STATION RECEPTION/CONFERENCE ROOM,9,SHERIFF STATION
SHERIFF'S STATION HOLDING CELL AREA,9,SHERIFF STATION
SHERIFF'S STATION CONFERENCE ROOM,9,SHERIFF STATION
SHERIFF TRUMAN'S OFFICE,9,SHERIFF STATION
SHERIFF'S STATION BATHROOM,9,SHERIFF STATION
SHERIFF'S INTERROGATION ROOM,9,SHERIFF STATION
SHERIFF'S STATION HALLWAY,9,SHERIFF STATION
TRUMAN'S OFFICE,9,SHERIFF STATION
JAIL,9,SHERIFF STATION
"SHERIFF'S OFFICE, RECEPTION AREA",9,SHERIFF STATION
INT. SHERIFF'S STATION,9,SHERIFF STATION
INT. INTERROGATION,9,SHERIFF STATION
INT. TRUMAN'S OFFICE,9,SHERIFF STATION
"SHERIFF'S OFFICE, CONFERENCE ROOM",9,SHERIFF STATION
SHERIFF'S CONFERENCE ROOM,9,SHERIFF STATION
"SHERIFF'S STATION, RECEPTION AREA",9,SHERIFF STATION
SHERIFF STATION,9,SHERIFF STATION
"INT. SHERIFF STATION, LUCY'S AREA",9,SHERIFF STATION
SHERIFF'S TRUMAN'S OFFICE,9,SHERIFF STATION
INT. SHERIFF'S STATION HALLWAY,9,SHERIFF STATION
SHERIFF'S STATION - TRUMAN'S OFFICE,9,SHERIFF STATION
"SHERIFF'S STATION, INTERROGATION ROOM",9,SHERIFF STATION
HURLEY HOUSE,10,HURLEY HOUSE
ED HURLEYS HOUSE,10,HURLEY HOUSE
ED HURLEY'S HOUSE,10,HURLEY HOUSE
ED HURLEY'S GAS FARM,10,HURLEY HOUSE
BIG ED'S GAS FARM,10,HURLEY HOUSE
GAS FARM GARAGE,10,HURLEY HOUSE
ED HURLEY'S LIVING ROOM,10,HURLEY HOUSE
HURLEY HOUSE - LIVING ROOM,10,HURLEY HOUSE
HAYWARD HOUSE,11,HAYWARD HOUSE
DONNA HAYWARD'S BEDROOM,11,HAYWARD HOUSE
HAYWARD LIVING ROOM,11,HAYWARD HOUSE
HAYWARD HOUSE LIVING ROOM,11,HAYWARD HOUSE
HAYWARD'S DINING ROOM,11,HAYWARD HOUSE
HAYWARD'S HOUSE,11,HAYWARD HOUSE
HAYWARD HOUSE CORRIDOR,11,HAYWARD HOUSE
HAYWARD'S LIVING ROOM.,11,HAYWARD HOUSE
"HAYWARD HOUSE, ATTIC",11,HAYWARD HOUSE
TWIN PEAKS HIGH SCHOOL,12,HIGH SCHOOL
INT. TWIN PEAKS HIGH SCHOOL GIRLS' ROOM,12,HIGH SCHOOL
HIGH SCHOOL,12,HIGH SCHOOL
HIGH SCHOOL GYM,12,HIGH SCHOOL
HIGH SCHOOL CORRIDOR,12,HIGH SCHOOL
"MARSH HOUSE, JAMES' ROOM",13,MARSH ESTATE
EVELYN'S GARAGE,13,MARSH ESTATE
MARSH GARAGE,13,MARSH ESTATE
MARSH GARAGE APARTMENT,13,MARSH ESTATE
MARSH ESTATE,13,MARSH ESTATE
EXT. MARSH ESTATE,13,MARSH ESTATE
"JAMES ROOM, MARSH ESTATE",13,MARSH ESTATE
JAMES ROOM - MARSH ESTATE,13,MARSH ESTATE
MARSH HOUSE,13,MARSH ESTATE
"MARSH HOUSE, VESTIBULE IN FRONT OF THE STAIRS",13,MARSH ESTATE
RED-DRAPED ROOM,14,BLACK LODGE
CALHOUN MEMORIAL HOSPITAL,15,HOSPITAL
HOSPITAL CORRIDOR,15,HOSPITAL
CALHOUN HOSPITAL,15,HOSPITAL
HOSPITAL,15,HOSPITAL
HOSPITAL BASEMENT BOILER ROOM,15,HOSPITAL
CALHOUN HOSPITAL INTENSIVE CARE,15,HOSPITAL
HOSPITAL ROOM,15,HOSPITAL
INTENSIVE HOSPITAL ROOM,15,HOSPITAL
RONETTE PULASKI'S HOSPITAL ROOM,15,HOSPITAL
TWIN PEAKS HOSPITAL,15,HOSPITAL
JOHNSON HOUSE,16,JOHNSON HOUSE
JOHNSON KITCHEN,16,JOHNSON HOUSE
JOHNSON HOUSE/INT. NORMA'S CAR,16,JOHNSON HOUSE
JOHNSON HOUSE LAUNDRY ROOM,16,JOHNSON HOUSE
LEO JOHNSON'S HOUSE,16,JOHNSON HOUSE
JOHNSON HOUSE KITCHEN,16,JOHNSON HOUSE
JOHNSON HOUSE LIVING ROOM,16,JOHNSON HOUSE
JOHNSON'S KITCHEN,16,JOHNSON HOUSE
JOHNSON'S HOUSE KITCHEN,16,JOHNSON HOUSE
LEO JOHNSON'S,16,JOHNSON HOUSE
LEO JOHNSON'S PORCH,16,JOHNSON HOUSE
LEO JOHNSON'S LIVING ROOM,16,JOHNSON HOUSE
LEO'S BACK DOOR,16,JOHNSON HOUSE
LEO'S,16,JOHNSON HOUSE
SMALL PLEASANT MOTEL ROOM,17,MOTEL
MOTEL ROOM,17,MOTEL
TIMER FALLS MOTEL,17,MOTEL
MOTEL,17,MOTEL
MOTEL ROOM B,17,MOTEL
TIMBER ROOM ENTRANCE,17,MOTEL
ORPHANAGE,18,ORPHANAGE
ORPHANAGE OFFICE,18,ORPHANAGE
ROADHOUSE,19,ROADHOUSE
THE ROADHOUSE,19,ROADHOUSE
ROADSIDE BAR,19,ROADHOUSE
ROADHOUSE/STAGE,19,ROADHOUSE
BOOKHOUSE,20,BOOKHOUSE
THE BOOKHOUSE,20,BOOKHOUSE
BOOKHOUSE ENTRANCE,20,BOOKHOUSE
"KITCHEN, DEAD DOG FARM HOUSE",21,DEAD DOG FARM
DEAD DOG FARM,21,DEAD DOG FARM
DEAD DOG FARM BLUFF,21,DEAD DOG FARM
WOODS,22,WOODS
PARK,22,WOODS
WOODS/INT. CAR,22,WOODS
WOODS CLEARING,22,WOODS
WOODS SECOND CABIN,22,WOODS
ROAD IN THE WOODS,22,WOODS
EXT. WOODS,22,WOODS
MONTAGE/ WOODS,22,WOODS
TREMOND APARTMENT,23,TREMOND HOUSE
TWIN PEAKS BANK,24,BANK
TWIN PEAKS SAVINGS AND LOAN,24,BANK
TWIN PEAKS MORGUE,25,MORGUE
TWIN PEAKS CITY LIBRARY,26,LIBRARY
CAR,27,CAR IN TRANSIT
POLICE VAN,27,CAR IN TRANSIT
LELAND'S CAR,27,CAR IN TRANSIT
TRUCK IN MOTION,27,CAR IN TRANSIT
MARTELL'S PICKUP,27,CAR IN TRANSIT
HARRY TRUMAN'S LOG CABIN HOUSE,28,TRUMAN HOUSE
HARRY TRUMAN'S,28,TRUMAN HOUSE
TRUMAN'S CABIN,28,TRUMAN HOUSE
BLACK LAKE,29,BLACK LAKE
BLACK LAKE CEMETARY,29,BLACK LAKE
BLACK LAKE AIRPORT,29,BLACK LAKE
"THE WOODS, GLASTONBURY GROVE",30,GLASTONBURY GROVE
GLASTONBURY GROVE,30,GLASTONBURY GROVE
HARDWARE STORE,31,HARDWARE STORE
HORNE'S DEPARTMENT STORE,32,HORNE'S DEPARTMENT STORE
HORNE'S DEPARTMENT STORE EMPLOYMENT OFFICE,32,HORNE'S DEPARTMENT STORE
LUCY'S APARTMENT,33,LUCY APARTMENT
OWL CAVE,33,OWL CAVE
PACKARD SAW MILL,34,MILL
BURNED MILL,34,MILL
MILL,34,MILL
WINDOM EARLE'S CABIN,35,EARLE CABIN
EARLE'S CABIN,35,EARLE CABIN
JAMES HURLEY'S HOME,36,JAMES HURLEY HOUSE
RENAULT'S APARTMENT BUILDING,37,JACQUES RENAULT APT
INT. RENAULT'S APARTMENT,37,JACQUES RENAULT APT
INT. RENAULT'S APARTMENT BUILDING,37,JACQUES RENAULT APT
RENAULT'S APARTMENT,37,JACQUES RENAULT APT
JACQUES RENAULT'S APARTMENT,37,JACQUES RENAULT APT
JACQUES RENAULT'S APARTMENT/CORRIDOR,37,JACQUES RENAULT APT
LAKE,38,LAKE
DR. JACOBY'S OFFICE,39,DR JACOBY
DR. JACOBYS OFFICE,39,DR JACOBY
"""INVITATION TO LOVE"" SET #1",40,INVITATION TO LOVE
ROAD,41,STREET
COUNTRY ROAD,41,STREET
STREET,41,STREET
CITY STREET,41,STREET
WALLY'S BAR,42,WALLY'S BAR
WALLY'S,42,WALLY'S BAR
BAR AREA,42,WALLY'S BAR
BAR,42,WALLY'S BAR
TWIN PEAKS TOWN HALL,43,MISC INSIDE
DOUGHNUT SHOP,43,MISC INSIDE
CHURCH,43,MISC INSIDE
CHURCH - CLOSER,43,MISC INSIDE
INSTITUTIONAL CORRIDOR,43,MISC INSIDE
PAROLE BOARD HEARING ROOM,43,MISC INSIDE
THE TWIN PEAKS ECONO SHOPPER,43,MISC INSIDE
THE LYDEKER CLINIC,43,MISC INSIDE
APARTMENT BUILDING,43,MISC INSIDE
SECOND CABIN,43,MISC INSIDE
OFFICE BUILDING,43,MISC INSIDE
BLACK LAKE WATER PROCESSING PLANT,43,MISC INSIDE
CONFERENCE ROOM,43,MISC INSIDE
TRAIN CAR,43,MISC INSIDE
APARTMENT HOUSE,43,MISC INSIDE
RECEPTION AREA,43,MISC INSIDE
BATHROOM,43,MISC INSIDE
RECEPTION,43,MISC INSIDE
INT. HALLWAY,43,MISC INSIDE
DOWNSTAIRS CORRIDOR,43,MISC INSIDE
INT. CORRIDOR,43,MISC INSIDE
OPEN GARAGE,43,MISC INSIDE
CRAWLSPACE,43,MISC INSIDE
GARAGE APARTMENT,43,MISC INSIDE
GARAGE,43,MISC INSIDE
CABIN,43,MISC INSIDE
TRAIN BRIDGE,44,MISC OUTSIDE
ROAD INTO TWIN PEAKS,44,MISC OUTSIDE
ABANDONED TRAIN CAR,44,MISC OUTSIDE
STREET LIGHT,44,MISC OUTSIDE
LAURA'S GRAVESITE,44,MISC OUTSIDE
PHONE BOOTH,44,MISC OUTSIDE
FIRING RANGE,44,MISC OUTSIDE
RIVERBANK,44,MISC OUTSIDE
GAZEBO,44,MISC OUTSIDE
EASTER PARK,44,MISC OUTSIDE
AROUND BACK,44,MISC OUTSIDE
THE HIGH RIDGE,44,MISC OUTSIDE
PARKING LOT,44,MISC OUTSIDE
CAMPSITE,44,MISC OUTSIDE
MOUNTAIN,44,MISC OUTSIDE
STATE PRISON,45,PRISON
THE CEMETERY,46,CEMETERY
LOG LADYS CABIN,47,LOG LADY CABIN
LOG LADY'S CABIN,47,LOG LADY CABIN